<?xml version="1.0" encoding="UTF-8"?>
<project-private xmlns="http://www.netbeans.org/ns/project-private/1">
    <editor-bookmarks xmlns="http://www.netbeans.org/ns/editor-bookmarks/2" lastBookmarkId="0"/>
    <open-files xmlns="http://www.netbeans.org/ns/projectui-open-files/2">
        <group>
            <file>file:/E:/HML/PROGRAMACION/JAVA/JAVA%20DEVELOPER/2.%20JDBC/ProyFinal/projectoJava2/src/pe/edu/uni/projectojava2/ProjectoJava2.java</file>
            <file>file:/E:/HML/PROGRAMACION/JAVA/JAVA%20DEVELOPER/2.%20JDBC/ProyFinal/projectoJava2/src/pe/edu/uni/projectojava2/View/ProductoInicio.java</file>
            <file>file:/E:/HML/PROGRAMACION/JAVA/JAVA%20DEVELOPER/2.%20JDBC/ProyFinal/projectoJava2/src/pe/edu/uni/projectojava2/View/CategoriaNew.java</file>
            <file>file:/E:/HML/PROGRAMACION/JAVA/JAVA%20DEVELOPER/2.%20JDBC/ProyFinal/projectoJava2/src/pe/edu/uni/projectojava2/View/ProveedorNew.java</file>
            <file>file:/E:/HML/PROGRAMACION/JAVA/JAVA%20DEVELOPER/2.%20JDBC/ProyFinal/projectoJava2/src/pe/edu/uni/projectojava2/View/ProductoNew.java</file>
            <file>file:/E:/HML/PROGRAMACION/JAVA/JAVA%20DEVELOPER/2.%20JDBC/ProyFinal/projectoJava2/src/pe/edu/uni/projectojava2/View/ClienteInicio.java</file>
            <file>file:/E:/HML/PROGRAMACION/JAVA/JAVA%20DEVELOPER/2.%20JDBC/ProyFinal/projectoJava2/src/pe/edu/uni/projectojava2/View/ClienteNew.java</file>
            <file>file:/E:/HML/PROGRAMACION/JAVA/JAVA%20DEVELOPER/2.%20JDBC/ProyFinal/projectoJava2/src/pe/edu/uni/projectojava2/View/EmpleadoInicio.java</file>
            <file>file:/E:/HML/PROGRAMACION/JAVA/JAVA%20DEVELOPER/2.%20JDBC/ProyFinal/projectoJava2/src/pe/edu/uni/projectojava2/View/ProveedorInicio.java</file>
            <file>file:/E:/HML/PROGRAMACION/JAVA/JAVA%20DEVELOPER/2.%20JDBC/ProyFinal/projectoJava2/src/pe/edu/uni/projectojava2/View/CategoriaInicio.java</file>
            <file>file:/E:/HML/PROGRAMACION/JAVA/JAVA%20DEVELOPER/2.%20JDBC/ProyFinal/projectoJava2/src/pe/edu/uni/projectojava2/View/EmpleadoNew.java</file>
        </group>
    </open-files>
</project-private>
